TAC 310,310
TAC 310,310
TAC 311,311
TAC 312,312
TAC 313,313
TAC 314,314
TAC 315,315
TAC 316,316
TAC 317,317
TAC 318,318
TAC 319,319
Alabama,3101
Alaska,3102
Arizona,3104
Arkansas,3105
California,3106
Colorado,3108
Connecticut,3109
Delaware,3110
D.C.,3111
Florida,3112
Georgia,3113
Hawaii,3115
Idaho,3116
Illinois,3117
Indiana,3118
Iowa,3119
Kansas,3120
Kentucky,3121
Louisiana,3122
Maine,3123
Maryland,3124
Massachusetts,3125
Michigan,3126
Minnesota,3127
Mississippi,3128
Missouri,3129
Montana,3130
Nebraska,3131
Nevada,3132
New Hampshire,3133
New Jersey,3134
New Mexico,3135
New York,3136
North Carolina,3137
North Dakota,3138
Ohio,3139
Oklahoma,3140
Oregon,3141
Pennsylvania,3142
Rhode Island,3144
South Carolina,3145
South Dakota,3146
Tennessee,3147
Texas,3148
Utah,3149
Vermont,3150
Virginia,3151
Washington,3153
West Virginia,3154
Wisconsin,3155
Wyoming,3156
DVSwitch,3166
Allstar,3167
Midwest,3169
NoCo,3171
Northeast,3172
Mid-Atlantic,3173
Southeast,3174
Southern Plains ,3175
Southwest,3176
Mountain,3177
Missouri Lakes,3180

